{
    "roc_auc": 0.818444129053832,
    "pr_auc": 0.5891713636475882,
    "brier_score": 0.12352959750621995
}