{
    "roc_auc": 0.8157490706828117,
    "pr_auc": 0.5666177895709558,
    "brier_score": 0.16875884825929066
}