{
    "roc_auc": 0.8185622079089333,
    "pr_auc": 0.5744321077794797,
    "brier_score": 0.16680437182357122
}