{
    "roc_auc": 0.8149736605177055,
    "pr_auc": 0.573362997805649,
    "brier_score": 0.15852910881882504
}