{
    "roc_auc": 0.5105940618471232,
    "pr_auc": 0.21451488050443857,
    "brier_score": 0.24845600209939467
}