{
    "roc_auc": 0.8130637880081965,
    "pr_auc": 0.5754400098989633,
    "brier_score": 0.16144921638287085
}