Scenario,AUROC,AUPRC,Accuracy,Precision,Recall,F1,Brier
Full (Baseline),0.818444129053832,0.5891713636475882,0.8306177260519249,0.6993127147766323,0.3455008488964346,0.4625,0.12352959750621995
Masked Text,0.8162938129376671,0.5773308317365253,0.8285586392121754,0.6839032527105922,0.34804753820033957,0.4613220815752461,0.12468371727505706
Masked Structured,0.4901167227782009,0.21072387725512298,0.7890778871978514,0.0,0.0,0.0,0.2109217366789172
