{
    "roc_auc": 0.5090988137023865,
    "pr_auc": 0.21423643972619438,
    "brier_score": 0.24966461197877546
}